Title,Story Title,Release Date,Link
Daredevil #-1,"""A Time to Say Farewell""","July 2, 1997",https://marvel.fandom.com/wiki/Daredevil_Vol_1_-1
Daredevil #1,"""The Origin of Daredevil""","February 4, 1964",https://marvel.fandom.com/wiki/Daredevil_Vol_1_1
Daredevil #2,"""The Evil Menace of Electro!""","April 2, 1964",https://marvel.fandom.com/wiki/Daredevil_Vol_1_2
Daredevil #3,"""The Owl, Ominous Overlord of Crime!""","June 2, 1964",https://marvel.fandom.com/wiki/Daredevil_Vol_1_3
Daredevil #4,"""Killgrave, the Unbelievable Purple Man!""","August 4, 1964",https://marvel.fandom.com/wiki/Daredevil_Vol_1_4
Daredevil #5,"""The Mysterious Masked Matador!""","October 1, 1964",https://marvel.fandom.com/wiki/Daredevil_Vol_1_5
Daredevil #6,"""Trapped by... the Fellowship of Fear!""","December 3, 1964",https://marvel.fandom.com/wiki/Daredevil_Vol_1_6
Daredevil #7,"""In Mortal Combat with... Sub-Mariner!""","February 4, 1965",https://marvel.fandom.com/wiki/Daredevil_Vol_1_7
Daredevil #8,"""The Stiltman Cometh!""","April 1, 1965",https://marvel.fandom.com/wiki/Daredevil_Vol_1_8
Daredevil #9,"""That He May See!""","June 1, 1965",https://marvel.fandom.com/wiki/Daredevil_Vol_1_9
Daredevil #10,"""While the City Sleeps!""","August 3, 1965",https://marvel.fandom.com/wiki/Daredevil_Vol_1_10
Daredevil #11,"""A Time to Unmask!""","October 5, 1965",https://marvel.fandom.com/wiki/Daredevil_Vol_1_11
Daredevil #12,"""Sightless, in a Savage Land!""","November 4, 1965",https://marvel.fandom.com/wiki/Daredevil_Vol_1_12
Daredevil #13,"""The Secret of Ka-Zar's Origin!""","December 2, 1965",https://marvel.fandom.com/wiki/Daredevil_Vol_1_13
Daredevil #14,"""If This Be Justice...!""","January 4, 1966",https://marvel.fandom.com/wiki/Daredevil_Vol_1_14
Daredevil #15,""" --And Men Shall Call Him... Ox!""","February 3, 1966",https://marvel.fandom.com/wiki/Daredevil_Vol_1_15
Daredevil #16,"""Enter...Spider-Man""","March 3, 1966",https://marvel.fandom.com/wiki/Daredevil_Vol_1_16
Daredevil #17,"""None are So Blind..!""","April 5, 1966",https://marvel.fandom.com/wiki/Daredevil_Vol_1_17
Daredevil #18,"""There Shall Come a Gladiator!""","May 3, 1966",https://marvel.fandom.com/wiki/Daredevil_Vol_1_18
Daredevil #19,"""Alone -- Against the Underworld!""","June 2, 1966",https://marvel.fandom.com/wiki/Daredevil_Vol_1_19
Daredevil #20,"""The Verdict Is: Death!""","June 30, 1966",https://marvel.fandom.com/wiki/Daredevil_Vol_1_20
Daredevil #21,"""The Trap Is Sprung""","August 2, 1966",https://marvel.fandom.com/wiki/Daredevil_Vol_1_21
Daredevil #22,"""The Tri-Man Lives!""","September 1, 1966",https://marvel.fandom.com/wiki/Daredevil_Vol_1_22
Daredevil #23,"""DD Goes Wild!""","October 11, 1966",https://marvel.fandom.com/wiki/Daredevil_Vol_1_23
Daredevil #24,"""The Mystery of the Midnight Stalker!""","November 3, 1966",https://marvel.fandom.com/wiki/Daredevil_Vol_1_24
Daredevil #25,"""Enter: The Leap-Frog!""","December 8, 1966",https://marvel.fandom.com/wiki/Daredevil_Vol_1_25
Daredevil #26,"""Stilt-Man Strikes Again""","January 10, 1967",https://marvel.fandom.com/wiki/Daredevil_Vol_1_26
Daredevil #27,"""Mike Murdock Must Die!""","February 14, 1967",https://marvel.fandom.com/wiki/Daredevil_Vol_1_27
Daredevil #28,"""Thou Shalt Not Covet Thy Neighbor's Planet!""","March 14, 1967",https://marvel.fandom.com/wiki/Daredevil_Vol_1_28
Daredevil #29,"""Unmasked!""","April 11, 1967",https://marvel.fandom.com/wiki/Daredevil_Vol_1_29
Daredevil #30,"""-- If there Should Be a Thunder God!""","May 9, 1967",https://marvel.fandom.com/wiki/Daredevil_Vol_1_30
Daredevil #31,"""Blind Man's Bluff!""","June 8, 1967",https://marvel.fandom.com/wiki/Daredevil_Vol_1_31
Daredevil #32,"""...To Fight the Impossible Fight!""","July 11, 1967",https://marvel.fandom.com/wiki/Daredevil_Vol_1_32
Daredevil #33,"""Behold... The Beetle!""","August 8, 1967",https://marvel.fandom.com/wiki/Daredevil_Vol_1_33
Daredevil #34,"""To Squash a Beetle!""","September 7, 1967",https://marvel.fandom.com/wiki/Daredevil_Vol_1_34
Daredevil #35,"""Daredevil Dies First!""","October 10, 1967",https://marvel.fandom.com/wiki/Daredevil_Vol_1_35
Daredevil #36,"""The Name of the Game Is Mayhem!""","November 9, 1967",https://marvel.fandom.com/wiki/Daredevil_Vol_1_36
Daredevil #37,"""Don't Look Now, But It's-- Dr. Doom!""","December 12, 1967",https://marvel.fandom.com/wiki/Daredevil_Vol_1_37
Daredevil #38,"""The Living Prison!""","January 9, 1968",https://marvel.fandom.com/wiki/Daredevil_Vol_1_38
Daredevil #39,"""The Exterminator and the Super-Powered Unholy Three""","February 8, 1968",https://marvel.fandom.com/wiki/Daredevil_Vol_1_39
Daredevil #40,"""The Fallen Hero!""","March 7, 1968",https://marvel.fandom.com/wiki/Daredevil_Vol_1_40
Daredevil #41,"""The Death of Mike Murdock!""","April 9, 1968",https://marvel.fandom.com/wiki/Daredevil_Vol_1_41
Daredevil #42,"""Nobody Laughs at the Jester!""","May 9, 1968",https://marvel.fandom.com/wiki/Daredevil_Vol_1_42
Daredevil #43,"""In Combat With Captain America!""","June 11, 1968",https://marvel.fandom.com/wiki/Daredevil_Vol_1_43
Daredevil #44,"""I, Murderer!""","July 16, 1968",https://marvel.fandom.com/wiki/Daredevil_Vol_1_44
Daredevil #45,"""The Dismal Dregs of Defeat!""","August 13, 1968",https://marvel.fandom.com/wiki/Daredevil_Vol_1_45
Daredevil #46,"""..The Final Jest!""","September 10, 1968",https://marvel.fandom.com/wiki/Daredevil_Vol_1_46
Daredevil #47,"""Brother, Take My Hand!""","October 10, 1968",https://marvel.fandom.com/wiki/Daredevil_Vol_1_47
Daredevil #48,"""Farewell to Foggy!""","November 12, 1968",https://marvel.fandom.com/wiki/Daredevil_Vol_1_48
Daredevil #49,"""Daredevil Drops Out""","December 12, 1968",https://marvel.fandom.com/wiki/Daredevil_Vol_1_49
Daredevil #50,"""If in Battle I Fall---!""","January 9, 1969",https://marvel.fandom.com/wiki/Daredevil_Vol_1_50
Daredevil #51,"""Run, Murdock, Run!""","February 11, 1969",https://marvel.fandom.com/wiki/Daredevil_Vol_1_51
Daredevil #52,"""The Night of the Panther!""","March 11, 1969",https://marvel.fandom.com/wiki/Daredevil_Vol_1_52
Daredevil #53,"""As It Was in the Beginning...""","April 10, 1969",https://marvel.fandom.com/wiki/Daredevil_Vol_1_53
Daredevil #54,"""Call Him... Fear!""","May 13, 1969",https://marvel.fandom.com/wiki/Daredevil_Vol_1_54
Daredevil #55,"""Cry Coward!""","June 17, 1969",https://marvel.fandom.com/wiki/Daredevil_Vol_1_55
Daredevil #56,"""... And Death Came Riding!""","July 15, 1969",https://marvel.fandom.com/wiki/Daredevil_Vol_1_56
Daredevil #57,"""In the Midst of Life...!""","August 12, 1969",https://marvel.fandom.com/wiki/Daredevil_Vol_1_57
Daredevil #58,"""Spin-Out on Fifth Avenue!""","September 16, 1969",https://marvel.fandom.com/wiki/Daredevil_Vol_1_58
Daredevil #59,"""The Torpedo Will Get You If You Don't Watch Out!""","October 14, 1969",https://marvel.fandom.com/wiki/Daredevil_Vol_1_59
Daredevil #60,"""Showdown at Sea!""","November 19, 1969",https://marvel.fandom.com/wiki/Daredevil_Vol_1_60
Daredevil #61,"""Trapped -- by the Trio of Doom!""","December 16, 1969",https://marvel.fandom.com/wiki/Daredevil_Vol_1_61
Daredevil #62,"""Quoth the Nighthawk, Nevermore!""","January 12, 1970",https://marvel.fandom.com/wiki/Daredevil_Vol_1_62
Daredevil #63,"""The Girl -- or the Gladiator?""","February 19, 1970",https://marvel.fandom.com/wiki/Daredevil_Vol_1_63
Daredevil #64,"""Suddenly...the Stunt-Master!""","March 19, 1970",https://marvel.fandom.com/wiki/Daredevil_Vol_1_64
Daredevil #65,"""The Killing of Brother Brimstone""","April 17, 1970",https://marvel.fandom.com/wiki/Daredevil_Vol_1_65
Daredevil #66,"""...And One Cried Murder!""","May 21, 1970",https://marvel.fandom.com/wiki/Daredevil_Vol_1_66
Daredevil #67,"""Stilt-Man Stalks the Soundstage""","June 18, 1970",https://marvel.fandom.com/wiki/Daredevil_Vol_1_67
Daredevil #68,"""Phoenix and the Fighter!""","July 21, 1970",https://marvel.fandom.com/wiki/Daredevil_Vol_1_68
Daredevil #69,"""A Life on the Line""","August 18, 1970",https://marvel.fandom.com/wiki/Daredevil_Vol_1_69
Daredevil #70,"""The Tribune""","September 15, 1970",https://marvel.fandom.com/wiki/Daredevil_Vol_1_70
Daredevil #71,"""If an Eye Offend Thee...!""","October 13, 1970",https://marvel.fandom.com/wiki/Daredevil_Vol_1_71
Daredevil #72,"""Lo! The Lord of the Leopards!""","November 10, 1970",https://marvel.fandom.com/wiki/Daredevil_Vol_1_72
Daredevil #73,"""Behold... The Brotherhood!""","December 8, 1970",https://marvel.fandom.com/wiki/Daredevil_Vol_1_73
Daredevil #74,"""In the Country of the Blind!""","January 5, 1971",https://marvel.fandom.com/wiki/Daredevil_Vol_1_74
Daredevil #75,"""Now Rides the Ghost of El Condor!""","February 2, 1971",https://marvel.fandom.com/wiki/Daredevil_Vol_1_75
Daredevil #76,"""The Deathmarch of El Condor!""","March 2, 1971",https://marvel.fandom.com/wiki/Daredevil_Vol_1_76
Daredevil #77,"""...And So Enters the Amazing Spider-Man""","April 6, 1971",https://marvel.fandom.com/wiki/Daredevil_Vol_1_77
Daredevil #78,"""The Horns of the Bull!""","May 4, 1971",https://marvel.fandom.com/wiki/Daredevil_Vol_1_78
Daredevil #79,"""Murder! Cries The Man-Bull!""","June 1, 1971",https://marvel.fandom.com/wiki/Daredevil_Vol_1_79
Daredevil #80,"""In the Eyes... of the Owl!""","July 6, 1971",https://marvel.fandom.com/wiki/Daredevil_Vol_1_80
Daredevil #81,"""And Death Is a Woman Called Widow""","August 3, 1971",https://marvel.fandom.com/wiki/Daredevil_Vol_1_81
Daredevil #82,"""Now Send... The Scorpion!""","August 31, 1971",https://marvel.fandom.com/wiki/Daredevil_Vol_1_82
Daredevil #83,"""The Widow Accused!""","October 5, 1971",https://marvel.fandom.com/wiki/Daredevil_Vol_1_83
Daredevil #84,"""Night of the Assassin!""","November 2, 1971",https://marvel.fandom.com/wiki/Daredevil_Vol_1_84
Daredevil #85,"""Night Flight!""","November 30, 1971",https://marvel.fandom.com/wiki/Daredevil_Vol_1_85
Daredevil #86,"""Once Upon a Time -- The Ox!""","January 4, 1972",https://marvel.fandom.com/wiki/Daredevil_Vol_1_86
Daredevil #87,"""From Stage Left, Enter: Electro!""","February 8, 1972",https://marvel.fandom.com/wiki/Daredevil_Vol_1_87
Daredevil #88,"""Call Him Killgrave!""","March 7, 1972",https://marvel.fandom.com/wiki/Daredevil_Vol_1_88
Daredevil #89,"""Crisis!""","April 4, 1972",https://marvel.fandom.com/wiki/Daredevil_Vol_1_89
Daredevil #90,"""The Sinister Secret of Project Four!""","May 9, 1972",https://marvel.fandom.com/wiki/Daredevil_Vol_1_90
Daredevil #91,"""Fear Is the Key!""","June 6, 1972",https://marvel.fandom.com/wiki/Daredevil_Vol_1_91
Daredevil #92,"""On the Eve of the Talon!""","July 4, 1972",https://marvel.fandom.com/wiki/Daredevil_Vol_1_92
Daredevil #93,"""A Power Corrupt!""","August 1, 1972",https://marvel.fandom.com/wiki/Daredevil_Vol_1_93
Daredevil #94,"""He Can Crush the World!""","August 29, 1972",https://marvel.fandom.com/wiki/Daredevil_Vol_1_94
Daredevil #95,"""Bullfight on the Bay!""","October 3, 1972",https://marvel.fandom.com/wiki/Daredevil_Vol_1_95
Daredevil #96,"""The Widow Will Make You Pay!""","October 31, 1972",https://marvel.fandom.com/wiki/Daredevil_Vol_1_96
Daredevil #97,"""He Who Saves""","November 28, 1972",https://marvel.fandom.com/wiki/Daredevil_Vol_1_97
Daredevil #98,"""Let There Be -- Death!""","January 2, 1973",https://marvel.fandom.com/wiki/Daredevil_Vol_1_98
Daredevil #99,"""The Mark of Hawkeye!""","February 6, 1973",https://marvel.fandom.com/wiki/Daredevil_Vol_1_99
Daredevil #100,"""Mind Storm!""","March 6, 1973",https://marvel.fandom.com/wiki/Daredevil_Vol_1_100
Daredevil #101,"""Vengeance in the Sky with Diamonds!""","April 3, 1973",https://marvel.fandom.com/wiki/Daredevil_Vol_1_101
Daredevil #102,"""Stilt-Man Stalks the City!""","May 8, 1973",https://marvel.fandom.com/wiki/Daredevil_Vol_1_102
Daredevil #103,"""...Then Came Ramrod!""","June 5, 1973",https://marvel.fandom.com/wiki/Daredevil_Vol_1_103
Daredevil #104,"""Prey of the Hunter!""","July 3, 1973",https://marvel.fandom.com/wiki/Daredevil_Vol_1_104
Daredevil #105,"""Menace From the Moons of Saturn!""","July 31, 1973",https://marvel.fandom.com/wiki/Daredevil_Vol_1_105
Daredevil #106,"""Life Be Not Proud!""","August 28, 1973",https://marvel.fandom.com/wiki/Daredevil_Vol_1_106
Daredevil #107,"""Blind Man's Bluff!""","September 25, 1973",https://marvel.fandom.com/wiki/Daredevil_Vol_1_107
Daredevil #108,"""Cry... Beetle!""","November 20, 1973",https://marvel.fandom.com/wiki/Daredevil_Vol_1_108
Daredevil #109,"""Dying for Dollar$!""","January 29, 1974",https://marvel.fandom.com/wiki/Daredevil_Vol_1_109
Daredevil #110,"""Birthright!""","March 5, 1974",https://marvel.fandom.com/wiki/Daredevil_Vol_1_110
Daredevil #111,"""Sword of the Samurai!""","April 2, 1974",https://marvel.fandom.com/wiki/Daredevil_Vol_1_111
Daredevil #112,"""Death of a Nation?""","April 30, 1974",https://marvel.fandom.com/wiki/Daredevil_Vol_1_112
Daredevil #113,"""When Strikes the Gladiator!""","June 4, 1974",https://marvel.fandom.com/wiki/Daredevil_Vol_1_113
Daredevil #114,"""A Quiet Night in the Swamp!""","July 2, 1974",https://marvel.fandom.com/wiki/Daredevil_Vol_1_114
Daredevil #115,"""Death Stalks the City!""","July 30, 1974",https://marvel.fandom.com/wiki/Daredevil_Vol_1_115
Daredevil #116,"""Two Flew Over the Owl's Nest!""","September 3, 1974",https://marvel.fandom.com/wiki/Daredevil_Vol_1_116
Daredevil #117,"""Mind Tap!""","October 3, 1974",https://marvel.fandom.com/wiki/Daredevil_Vol_1_117
Daredevil #118,"""Circus Spelled Sideways Is Death!""","November 5, 1974",https://marvel.fandom.com/wiki/Daredevil_Vol_1_118
Daredevil #119,"""They're Tearing Down Fogwell's Gym!""","December 3, 1974",https://marvel.fandom.com/wiki/Daredevil_Vol_1_119
Daredevil #120,"""And a HYDRA New Year!""","January 7, 1975",https://marvel.fandom.com/wiki/Daredevil_Vol_1_120
Daredevil #121,"""Foggy Nelson, Agent of S.H.I.E.L.D.""","February 4, 1975",https://marvel.fandom.com/wiki/Daredevil_Vol_1_121
Daredevil #122,"""HYDRA-And-Seek""","March 4, 1975",https://marvel.fandom.com/wiki/Daredevil_Vol_1_122
Daredevil #123,"""Holocaust In the Halls of HYDRA!""","April 1, 1975",https://marvel.fandom.com/wiki/Daredevil_Vol_1_123
Daredevil #124,"""In the Coils of the Copperhead!""","May 6, 1975",https://marvel.fandom.com/wiki/Daredevil_Vol_1_124
Daredevil #125,"""Vengeance Is the Copperhead!""","June 3, 1975",https://marvel.fandom.com/wiki/Daredevil_Vol_1_125
Daredevil #126,"""Flight of the Torpedo!""","July 1, 1975",https://marvel.fandom.com/wiki/Daredevil_Vol_1_126
Daredevil #127,"""You Killed That Man, Torpedo--And Now You're Going To Pay!""","August 5, 1975",https://marvel.fandom.com/wiki/Daredevil_Vol_1_127
Daredevil #128,"""Death Stalks the Stairway to the Stars!""","September 2, 1975",https://marvel.fandom.com/wiki/Daredevil_Vol_1_128
Daredevil #129,"""Man-Bull In a China Town!""","October 7, 1975",https://marvel.fandom.com/wiki/Daredevil_Vol_1_129
Daredevil #130,"""Look Out, DD--Here Comes the Death-Man!""","November 4, 1975",https://marvel.fandom.com/wiki/Daredevil_Vol_1_130
Daredevil #131,"""Watch Out For Bullseye He Never Misses!""","December 2, 1975",https://marvel.fandom.com/wiki/Daredevil_Vol_1_131
Daredevil #132,"""Bullseye Rules Supreme!""","January 6, 1976",https://marvel.fandom.com/wiki/Daredevil_Vol_1_132
Daredevil #133,"""Mind-Wave and His Fearsome Think Tank""","February 3, 1976",https://marvel.fandom.com/wiki/Daredevil_Vol_1_133
Daredevil #134,"""There's Trouble In New York City""","March 2, 1976",https://marvel.fandom.com/wiki/Daredevil_Vol_1_134
Daredevil #135,"""What Is Happening?""","April 6, 1976",https://marvel.fandom.com/wiki/Daredevil_Vol_1_135
Daredevil #136,"""A Hanging for a Hero!""","May 4, 1976",https://marvel.fandom.com/wiki/Daredevil_Vol_1_136
Daredevil #137,"""The Murder Maze Strikes Twice!""","June 1, 1976",https://marvel.fandom.com/wiki/Daredevil_Vol_1_137
Daredevil #138,"""Where Is Karen Page?""","July 6, 1976",https://marvel.fandom.com/wiki/Daredevil_Vol_1_138
Daredevil #139,"""A Night In the Life""","August 3, 1976",https://marvel.fandom.com/wiki/Daredevil_Vol_1_139
Daredevil #140,"""Death Times Two!""","September 7, 1976",https://marvel.fandom.com/wiki/Daredevil_Vol_1_140
Daredevil #141,"""Target: Death!""","October 5, 1976",https://marvel.fandom.com/wiki/Daredevil_Vol_1_141
Daredevil #142,"""The Concrete Jungle!""","November 2, 1976",https://marvel.fandom.com/wiki/Daredevil_Vol_1_142
Daredevil #143,"""Hyde and Go Seek, Sayeth the Cobra!""","November 30, 1976",https://marvel.fandom.com/wiki/Daredevil_Vol_1_143
Daredevil #144,"""Man-Bull Means Mayhem""","January 4, 1977",https://marvel.fandom.com/wiki/Daredevil_Vol_1_144
Daredevil #145,"""Danger Rides the Bitter Wind!""","February 1, 1977",https://marvel.fandom.com/wiki/Daredevil_Vol_1_145
Daredevil #146,"""Duel!""","March 1, 1977",https://marvel.fandom.com/wiki/Daredevil_Vol_1_146
Daredevil #147,"""Breaking Point!""","April 5, 1977",https://marvel.fandom.com/wiki/Daredevil_Vol_1_147
Daredevil #148,"""Manhunt!""","June 29, 1977",https://marvel.fandom.com/wiki/Daredevil_Vol_1_148
Daredevil #149,"""Catspaw!""","August 3, 1977",https://marvel.fandom.com/wiki/Daredevil_Vol_1_149
Daredevil #150,"""Catastrophe!""","October 4, 1977",https://marvel.fandom.com/wiki/Daredevil_Vol_1_150
Daredevil #151,"""Crisis!""","December 6, 1977",https://marvel.fandom.com/wiki/Daredevil_Vol_1_151
Daredevil #152,"""Prisoner!""","February 2, 1978",https://marvel.fandom.com/wiki/Daredevil_Vol_1_152
Daredevil #153,"""Betrayal""","April 4, 1978",https://marvel.fandom.com/wiki/Daredevil_Vol_1_153
Daredevil #154,"""Arena!""","June 6, 1978",https://marvel.fandom.com/wiki/Daredevil_Vol_1_154
Daredevil #155,"""The Man Without Fear?""","August 1, 1978",https://marvel.fandom.com/wiki/Daredevil_Vol_1_155
Daredevil #156,"""Ring of Death!""","October 3, 1978",https://marvel.fandom.com/wiki/Daredevil_Vol_1_156
Daredevil #157,"""The Ungrateful Dead""","November 28, 1978",https://marvel.fandom.com/wiki/Daredevil_Vol_1_157
Daredevil #158,"""A Grave Mistake!""","January 30, 1979",https://marvel.fandom.com/wiki/Daredevil_Vol_1_158
Daredevil #159,"""Marked for Murder!""","April 3, 1979",https://marvel.fandom.com/wiki/Daredevil_Vol_1_159
Daredevil #160,"""In the Hands of Bullseye""","June 5, 1979",https://marvel.fandom.com/wiki/Daredevil_Vol_1_160
Daredevil #161,"""To Dare the Devil""","August 7, 1979",https://marvel.fandom.com/wiki/Daredevil_Vol_1_161
Daredevil #162,"""Requiem for a Pug!""","October 2, 1979",https://marvel.fandom.com/wiki/Daredevil_Vol_1_162
Daredevil #163,"""Blind Alley""","December 4, 1979",https://marvel.fandom.com/wiki/Daredevil_Vol_1_163
Daredevil #164,"""Exposé""","February 5, 1980",https://marvel.fandom.com/wiki/Daredevil_Vol_1_164
Daredevil #165,"""Arms of the Octopus""","April 1, 1980",https://marvel.fandom.com/wiki/Daredevil_Vol_1_165
Daredevil #166,"""Till Death Do Us Part!""","June 3, 1980",https://marvel.fandom.com/wiki/Daredevil_Vol_1_166
Daredevil #167,"""...The Mauler!""","August 19, 1980",https://marvel.fandom.com/wiki/Daredevil_Vol_1_167
Daredevil #168,"""Elektra""","October 7, 1980",https://marvel.fandom.com/wiki/Daredevil_Vol_1_168
Daredevil #169,"""Devils""","December 2, 1980",https://marvel.fandom.com/wiki/Daredevil_Vol_1_169
Daredevil #170,"""The Kingpin Must Die!""","February 3, 1981",https://marvel.fandom.com/wiki/Daredevil_Vol_1_170
Daredevil #171,"""In the Kingpin's Clutches""","March 3, 1981",https://marvel.fandom.com/wiki/Daredevil_Vol_1_171
Daredevil #172,"""Gangwar!""","March 24, 1981",https://marvel.fandom.com/wiki/Daredevil_Vol_1_172
Daredevil #173,"""Lady Killer""","April 28, 1981",https://marvel.fandom.com/wiki/Daredevil_Vol_1_173
Daredevil #174,"""The Assassination of Matt Murdock""","May 26, 1981",https://marvel.fandom.com/wiki/Daredevil_Vol_1_174
Daredevil #175,"""Gantlet""","June 23, 1981",https://marvel.fandom.com/wiki/Daredevil_Vol_1_175
Daredevil #176,"""Hunters""","July 28, 1981",https://marvel.fandom.com/wiki/Daredevil_Vol_1_176
Daredevil #177,"""Where Angels Fear to Tread""","August 25, 1981",https://marvel.fandom.com/wiki/Daredevil_Vol_1_177
Daredevil #178,"""Paper Chase""","September 22, 1981",https://marvel.fandom.com/wiki/Daredevil_Vol_1_178
Daredevil #179,"""Spiked!""","October 27, 1981",https://marvel.fandom.com/wiki/Daredevil_Vol_1_179
Daredevil #180,"""The Damned""","November 24, 1981",https://marvel.fandom.com/wiki/Daredevil_Vol_1_180
Daredevil #181,"""Last Hand""","December 29, 1981",https://marvel.fandom.com/wiki/Daredevil_Vol_1_181
Daredevil #182,"""She's Alive""","January 26, 1982",https://marvel.fandom.com/wiki/Daredevil_Vol_1_182
Daredevil #183,"""Child's Play""","February 23, 1982",https://marvel.fandom.com/wiki/Daredevil_Vol_1_183
Daredevil #184,"""Good Guys Wear Red!""","March 23, 1982",https://marvel.fandom.com/wiki/Daredevil_Vol_1_184
Daredevil #185,"""Guts""","April 27, 1982",https://marvel.fandom.com/wiki/Daredevil_Vol_1_185
Daredevil #186,"""Stilts""","May 25, 1982",https://marvel.fandom.com/wiki/Daredevil_Vol_1_186
Daredevil #187,"""Overkill""","June 22, 1982",https://marvel.fandom.com/wiki/Daredevil_Vol_1_187
Daredevil #188,"""The Widow's Bite""","July 27, 1982",https://marvel.fandom.com/wiki/Daredevil_Vol_1_188
Daredevil #189,"""Siege""","August 24, 1982",https://marvel.fandom.com/wiki/Daredevil_Vol_1_189
Daredevil #190,"""Resurrection""","September 28, 1982",https://marvel.fandom.com/wiki/Daredevil_Vol_1_190
Daredevil #191,"""Roulette""","October 26, 1982",https://marvel.fandom.com/wiki/Daredevil_Vol_1_191
Daredevil #192,"""Promises""","November 23, 1982",https://marvel.fandom.com/wiki/Daredevil_Vol_1_192
Daredevil #193,"""Bitsy's Revenge""","December 28, 1982",https://marvel.fandom.com/wiki/Daredevil_Vol_1_193
Daredevil #194,"""Judgement""","January 25, 1983",https://marvel.fandom.com/wiki/Daredevil_Vol_1_194
Daredevil #195,"""Betrayal""","February 22, 1983",https://marvel.fandom.com/wiki/Daredevil_Vol_1_195
Daredevil #196,"""Enemies""","March 22, 1983",https://marvel.fandom.com/wiki/Daredevil_Vol_1_196
Daredevil #197,"""Journey""","April 26, 1983",https://marvel.fandom.com/wiki/Daredevil_Vol_1_197
Daredevil #198,"""Touch of a Stranger""","May 24, 1983",https://marvel.fandom.com/wiki/Daredevil_Vol_1_198
Daredevil #199,"""Daughter of a Dark Wind""","June 28, 1983",https://marvel.fandom.com/wiki/Daredevil_Vol_1_199
Daredevil #200,"""Redemption""","July 26, 1983",https://marvel.fandom.com/wiki/Daredevil_Vol_1_200
Daredevil #201,"""The Day the Devil Didn't Dare""","August 23, 1983",https://marvel.fandom.com/wiki/Daredevil_Vol_1_201
Daredevil #202,"""Savages""","September 27, 1983",https://marvel.fandom.com/wiki/Daredevil_Vol_1_202
Daredevil #203,"""Trumps""","October 25, 1983",https://marvel.fandom.com/wiki/Daredevil_Vol_1_203
Daredevil #204,"""Vengeance of the Victim""","November 22, 1983",https://marvel.fandom.com/wiki/Daredevil_Vol_1_204
Daredevil #205,"""The Gael""","December 27, 1983",https://marvel.fandom.com/wiki/Daredevil_Vol_1_205
Daredevil #206,"""Every Good and Perfect Gift""","January 24, 1984",https://marvel.fandom.com/wiki/Daredevil_Vol_1_206
Daredevil #207,"""Ultimatum""","February 28, 1984",https://marvel.fandom.com/wiki/Daredevil_Vol_1_207
Daredevil #208,"""The Deadliest Night of My Life""","March 27, 1984",https://marvel.fandom.com/wiki/Daredevil_Vol_1_208
Daredevil #209,"""Blast from the Past""","April 24, 1984",https://marvel.fandom.com/wiki/Daredevil_Vol_1_209
Daredevil #210,"""Survivor""","May 22, 1984",https://marvel.fandom.com/wiki/Daredevil_Vol_1_210
Daredevil #211,"""This Hungry God""","June 26, 1984",https://marvel.fandom.com/wiki/Daredevil_Vol_1_211
Daredevil #212,"""Lies""","July 24, 1984",https://marvel.fandom.com/wiki/Daredevil_Vol_1_212
Daredevil #213,"""The Blindness Men Wish For""","August 28, 1984",https://marvel.fandom.com/wiki/Daredevil_Vol_1_213
Daredevil #214,"""The Crumbling""","September 25, 1984",https://marvel.fandom.com/wiki/Daredevil_Vol_1_214
Daredevil #215,"""Prophecy""","October 23, 1984",https://marvel.fandom.com/wiki/Daredevil_Vol_1_215
Daredevil #216,"""The Second Secret""","November 27, 1984",https://marvel.fandom.com/wiki/Daredevil_Vol_1_216
Daredevil #217,"""The Sight Stealer""","December 25, 1984",https://marvel.fandom.com/wiki/Daredevil_Vol_1_217
Daredevil #218,"""All My Laurels You Have Riven Away""","January 22, 1985",https://marvel.fandom.com/wiki/Daredevil_Vol_1_218
Daredevil #219,"""Badlands""","February 26, 1985",https://marvel.fandom.com/wiki/Daredevil_Vol_1_219
Daredevil #220,"""Fog""","March 26, 1985",https://marvel.fandom.com/wiki/Daredevil_Vol_1_220
Daredevil #221,"""Behold My Vengeance""","April 23, 1985",https://marvel.fandom.com/wiki/Daredevil_Vol_1_221
Daredevil #222,"""Fear In a Handful of Dust""","May 28, 1985",https://marvel.fandom.com/wiki/Daredevil_Vol_1_222
Daredevil #223,"""The Price""","June 25, 1985",https://marvel.fandom.com/wiki/Daredevil_Vol_1_223
Daredevil #224,"""Abe""","July 23, 1985",https://marvel.fandom.com/wiki/Daredevil_Vol_1_224
Daredevil #225,"""And Then You Die""","August 27, 1985",https://marvel.fandom.com/wiki/Daredevil_Vol_1_225
Daredevil #226,"""Warriors""","September 24, 1985",https://marvel.fandom.com/wiki/Daredevil_Vol_1_226
Daredevil #227,"""Apocalypse""","October 22, 1985",https://marvel.fandom.com/wiki/Daredevil_Vol_1_227
Daredevil #228,"""Purgatory""","November 26, 1985",https://marvel.fandom.com/wiki/Daredevil_Vol_1_228
Daredevil #229,"""Pariah""","December 24, 1985",https://marvel.fandom.com/wiki/Daredevil_Vol_1_229
Daredevil #230,"""Born Again""","January 28, 1986",https://marvel.fandom.com/wiki/Daredevil_Vol_1_230
Daredevil #231,"""Saved""","February 25, 1986",https://marvel.fandom.com/wiki/Daredevil_Vol_1_231
Daredevil #232,"""God and Country""","March 25, 1986",https://marvel.fandom.com/wiki/Daredevil_Vol_1_232
Daredevil #233,"""Armageddon""","April 22, 1986",https://marvel.fandom.com/wiki/Daredevil_Vol_1_233
Daredevil #234,"""Madcasting""","May 27, 1986",https://marvel.fandom.com/wiki/Daredevil_Vol_1_234
Daredevil #235,"""A Safe Place""","June 24, 1986",https://marvel.fandom.com/wiki/Daredevil_Vol_1_235
Daredevil #236,"""American Dreamer""","July 22, 1986",https://marvel.fandom.com/wiki/Daredevil_Vol_1_236
Daredevil #237,"""Context""","August 26, 1986",https://marvel.fandom.com/wiki/Daredevil_Vol_1_237
Daredevil #238,"""It Comes with the Claws""","September 23, 1986",https://marvel.fandom.com/wiki/Daredevil_Vol_1_238
Daredevil #239,"""Bad Plumbing""","October 28, 1986",https://marvel.fandom.com/wiki/Daredevil_Vol_1_239
Daredevil #240,"""The Face You Deserve""","November 25, 1986",https://marvel.fandom.com/wiki/Daredevil_Vol_1_240
Daredevil #241,"""Black Christmas""","December 23, 1986",https://marvel.fandom.com/wiki/Daredevil_Vol_1_241
Daredevil #242,"""Caviar Killer""","January 27, 1987",https://marvel.fandom.com/wiki/Daredevil_Vol_1_242
Daredevil #243,"""Don't Touch Me""","February 24, 1987",https://marvel.fandom.com/wiki/Daredevil_Vol_1_243
Daredevil #244,"""Touch Me""","March 24, 1987",https://marvel.fandom.com/wiki/Daredevil_Vol_1_244
Daredevil #245,"""Burn!""","April 28, 1987",https://marvel.fandom.com/wiki/Daredevil_Vol_1_245
Daredevil #246,"""Bad Guy""","May 26, 1987",https://marvel.fandom.com/wiki/Daredevil_Vol_1_246
Daredevil #247,"""The Backwards Man""","June 23, 1987",https://marvel.fandom.com/wiki/Daredevil_Vol_1_247
Daredevil #248,"""A Cage in Search of a Bird...""","July 28, 1987",https://marvel.fandom.com/wiki/Daredevil_Vol_1_248
Daredevil #249,"""Kiss and Kill""","August 25, 1987",https://marvel.fandom.com/wiki/Daredevil_Vol_1_249
Daredevil #250,"""Boom""","September 1, 1987",https://marvel.fandom.com/wiki/Daredevil_Vol_1_250
Daredevil #251,"""Save the Planet!""","October 6, 1987",https://marvel.fandom.com/wiki/Daredevil_Vol_1_251
Daredevil #252,"""Ground Zero""","November 3, 1987",https://marvel.fandom.com/wiki/Daredevil_Vol_1_252
Daredevil #253,"""Merry Christmas, Kingpin!""","December 1, 1987",https://marvel.fandom.com/wiki/Daredevil_Vol_1_253
Daredevil #254,"""Typhoid""","January 5, 1988",https://marvel.fandom.com/wiki/Daredevil_Vol_1_254
Daredevil #255,"""Temptation!""","February 2, 1988",https://marvel.fandom.com/wiki/Daredevil_Vol_1_255
Daredevil #256,"""Blindspots""","March 1, 1988",https://marvel.fandom.com/wiki/Daredevil_Vol_1_256
Daredevil #257,"""The Bully""","April 5, 1988",https://marvel.fandom.com/wiki/Daredevil_Vol_1_257
Daredevil #258,"""I Heard the Jungle Breathe""","May 3, 1988",https://marvel.fandom.com/wiki/Daredevil_Vol_1_258
Daredevil #259,"""The Children Are Watching You""","June 7, 1988",https://marvel.fandom.com/wiki/Daredevil_Vol_1_259
Daredevil #260,"""Vital Signs""","July 5, 1988",https://marvel.fandom.com/wiki/Daredevil_Vol_1_260
Daredevil #261,"""Meltdown""","August 2, 1988",https://marvel.fandom.com/wiki/Daredevil_Vol_1_261
Daredevil #262,"""I Found Me in a Gloomy Wood Astray""","September 6, 1988",https://marvel.fandom.com/wiki/Daredevil_Vol_1_262
Daredevil #263,"""In Bitterness Not Far from Death...""","October 4, 1988",https://marvel.fandom.com/wiki/Daredevil_Vol_1_263
Daredevil #264,"""Baby Boom!""","November 1, 1988",https://marvel.fandom.com/wiki/Daredevil_Vol_1_264
Daredevil #265,"""We Again Beheld the Stars""","December 6, 1988",https://marvel.fandom.com/wiki/Daredevil_Vol_1_265
Daredevil #266,"""A Beer with the Devil""","January 3, 1989",https://marvel.fandom.com/wiki/Daredevil_Vol_1_266
Daredevil #267,"""Cremains""","February 7, 1989",https://marvel.fandom.com/wiki/Daredevil_Vol_1_267
Daredevil #268,"""Golden Rut""","March 7, 1989",https://marvel.fandom.com/wiki/Daredevil_Vol_1_268
Daredevil #269,"""Lone Stranger""","April 4, 1989",https://marvel.fandom.com/wiki/Daredevil_Vol_1_269
Daredevil #270,"""Blackheart!""","May 2, 1989",https://marvel.fandom.com/wiki/Daredevil_Vol_1_270
Daredevil #271,"""Genetrix""","June 6, 1989",https://marvel.fandom.com/wiki/Daredevil_Vol_1_271
Daredevil #272,"""Liberation""","July 4, 1989",https://marvel.fandom.com/wiki/Daredevil_Vol_1_272
Daredevil #273,"""The Billion Dollar Ashtray""","August 1, 1989",https://marvel.fandom.com/wiki/Daredevil_Vol_1_273
Daredevil #274,"""Bombs & Lemonade""","September 5, 1989",https://marvel.fandom.com/wiki/Daredevil_Vol_1_274
Daredevil #275,"""False Man""","October 3, 1989",https://marvel.fandom.com/wiki/Daredevil_Vol_1_275
Daredevil #276,"""The Hundred Heads of Ultron""","November 7, 1989",https://marvel.fandom.com/wiki/Daredevil_Vol_1_276
Daredevil #277,"""Of Crowns and Horns""","December 5, 1989",https://marvel.fandom.com/wiki/Daredevil_Vol_1_277
Daredevil #278,"""The Deadly Seven""","January 2, 1990",https://marvel.fandom.com/wiki/Daredevil_Vol_1_278
Daredevil #279,"""Before the Flame""","February 6, 1990",https://marvel.fandom.com/wiki/Daredevil_Vol_1_279
Daredevil #280,"""Twilight of the Idols""","March 6, 1990",https://marvel.fandom.com/wiki/Daredevil_Vol_1_280
Daredevil #281,"""Heaven Is Knowing Who You Are""","April 3, 1990",https://marvel.fandom.com/wiki/Daredevil_Vol_1_281
Daredevil #282,"""Crooked Halos""","May 1, 1990",https://marvel.fandom.com/wiki/Daredevil_Vol_1_282
Daredevil #283,"""The American Nightmare""","June 5, 1990",https://marvel.fandom.com/wiki/Daredevil_Vol_1_283
Daredevil #284,"""The Outsider""","July 3, 1990",https://marvel.fandom.com/wiki/Daredevil_Vol_1_284
Daredevil #285,"""The Shadowman""","August 7, 1990",https://marvel.fandom.com/wiki/Daredevil_Vol_1_285
Daredevil #286,"""The Thief""","September 4, 1990",https://marvel.fandom.com/wiki/Daredevil_Vol_1_286
Daredevil #287,"""The Fighter""","October 2, 1990",https://marvel.fandom.com/wiki/Daredevil_Vol_1_287
Daredevil #288,"""The Student""","November 6, 1990",https://marvel.fandom.com/wiki/Daredevil_Vol_1_288
Daredevil #289,"""The Hero""","December 4, 1990",https://marvel.fandom.com/wiki/Daredevil_Vol_1_289
Daredevil #290,"""Bullseye!""","January 1, 1991",https://marvel.fandom.com/wiki/Daredevil_Vol_1_290
Daredevil #291,"""All The News That Fits""","February 5, 1991",https://marvel.fandom.com/wiki/Daredevil_Vol_1_291
Daredevil #292,"""Body Count""","March 5, 1991",https://marvel.fandom.com/wiki/Daredevil_Vol_1_292
Daredevil #293,"""Murder by Numbers""","April 2, 1991",https://marvel.fandom.com/wiki/Daredevil_Vol_1_293
Daredevil #294,"""The Infernal Mysteries""","May 7, 1991",https://marvel.fandom.com/wiki/Daredevil_Vol_1_294
Daredevil #295,"""Through the Eyes of the Enemy""","June 4, 1991",https://marvel.fandom.com/wiki/Daredevil_Vol_1_295
Daredevil #296,"""Balancing Act""","July 2, 1991",https://marvel.fandom.com/wiki/Daredevil_Vol_1_296
Daredevil #297,"""Last Rites, Part 1 of 4: Passion""","August 6, 1991",https://marvel.fandom.com/wiki/Daredevil_Vol_1_297
Daredevil #298,"""Last Rites, Part 2 of 4: Turnabout""","September 3, 1991",https://marvel.fandom.com/wiki/Daredevil_Vol_1_298
Daredevil #299,"""Last Rites, Part 3 of 4: Regicide""","October 1, 1991",https://marvel.fandom.com/wiki/Daredevil_Vol_1_299
Daredevil #300,"""Last Rites, Part 4 of 4: Long Live the King""","November 5, 1991",https://marvel.fandom.com/wiki/Daredevil_Vol_1_300
Daredevil #301,"""The Raptor""","December 3, 1991",https://marvel.fandom.com/wiki/Daredevil_Vol_1_301
Daredevil #302,"""Nocturnal Hunter""","January 7, 1992",https://marvel.fandom.com/wiki/Daredevil_Vol_1_302
Daredevil #303,"""Dark and Deliverance""","February 4, 1992",https://marvel.fandom.com/wiki/Daredevil_Vol_1_303
Daredevil #304,"""34 Hours""","March 3, 1992",https://marvel.fandom.com/wiki/Daredevil_Vol_1_304
Daredevil #305,"""Under The Knife""","April 7, 1992",https://marvel.fandom.com/wiki/Daredevil_Vol_1_305
Daredevil #306,"""Emergency Procedure""","May 5, 1992",https://marvel.fandom.com/wiki/Daredevil_Vol_1_306
Daredevil #307,"""Dead Man's Hand, Part I: Blind Openers""","June 2, 1992",https://marvel.fandom.com/wiki/Daredevil_Vol_1_307
Daredevil #308,"""Dead Man's Hand, Part V: Dealing from the Bottom""","July 7, 1992",https://marvel.fandom.com/wiki/Daredevil_Vol_1_308
Daredevil #309,"""Dead Man's Hand, Part VII: Cards On the Table""","August 4, 1992",https://marvel.fandom.com/wiki/Daredevil_Vol_1_309
Daredevil #310,"""Devil Ge Rouge""","September 1, 1992",https://marvel.fandom.com/wiki/Daredevil_Vol_1_310
Daredevil #311,"""Soul Search""","October 6, 1992",https://marvel.fandom.com/wiki/Daredevil_Vol_1_311
Daredevil #312,"""Hot Flashes""","November 3, 1992",https://marvel.fandom.com/wiki/Daredevil_Vol_1_312
Daredevil #313,"""So Cold It Burns""","December 1, 1992",https://marvel.fandom.com/wiki/Daredevil_Vol_1_313
Daredevil #314,"""Shock Treatment""","January 5, 1993",https://marvel.fandom.com/wiki/Daredevil_Vol_1_314
Daredevil #315,"""Shock Therapy""","February 2, 1993",https://marvel.fandom.com/wiki/Daredevil_Vol_1_315
Daredevil #316,"""Fare Play""","March 2, 1993",https://marvel.fandom.com/wiki/Daredevil_Vol_1_316
Daredevil #317,"""Grease Is the Word""","April 6, 1993",https://marvel.fandom.com/wiki/Daredevil_Vol_1_317
Daredevil #318,"""Grease Monkeys""","May 4, 1993",https://marvel.fandom.com/wiki/Daredevil_Vol_1_318
Daredevil #319,"""Temptation""","June 1, 1993",https://marvel.fandom.com/wiki/Daredevil_Vol_1_319
Daredevil #320,"""Fall from Grace Part I""","July 6, 1993",https://marvel.fandom.com/wiki/Daredevil_Vol_1_320
Daredevil #321,"""Fall From Grace: Chapter2, Transgression""","August 3, 1993",https://marvel.fandom.com/wiki/Daredevil_Vol_1_321
Daredevil #322,"""Fall From Grace, Part Three: Confrontation""","September 7, 1993",https://marvel.fandom.com/wiki/Daredevil_Vol_1_322
Daredevil #323,"""Fall From Grace, Part Four: Conflict""","October 5, 1993",https://marvel.fandom.com/wiki/Daredevil_Vol_1_323
Daredevil #324,"""Fall From Grace, Part Five: Descent""","November 2, 1993",https://marvel.fandom.com/wiki/Daredevil_Vol_1_324
Daredevil #325,"""Fall From Grace, Finale: Salvation for the Damned!""","December 7, 1993",https://marvel.fandom.com/wiki/Daredevil_Vol_1_325
Daredevil #326,"""Tree of Knowledge Part One""","January 4, 1994",https://marvel.fandom.com/wiki/Daredevil_Vol_1_326
Daredevil #327,"""Tree of Knowledge, Part Two: System Error""","February 1, 1994",https://marvel.fandom.com/wiki/Daredevil_Vol_1_327
Daredevil #328,"""Apprehensions""","March 1, 1994",https://marvel.fandom.com/wiki/Daredevil_Vol_1_328
Daredevil #329,"""Tree of Knowledge, Part Three: The Chernobyl Packet""","April 5, 1994",https://marvel.fandom.com/wiki/Daredevil_Vol_1_329
Daredevil #330,"""Tree of Knowledge, Part Four: Disinformocracy""","May 3, 1994",https://marvel.fandom.com/wiki/Daredevil_Vol_1_330
Daredevil #331,"""Tree of Knowledge, Part Five: The Line Eaters""","June 7, 1994",https://marvel.fandom.com/wiki/Daredevil_Vol_1_331
Daredevil #332,"""Tree of Knowledge, Finale: Softwar""","July 5, 1994",https://marvel.fandom.com/wiki/Daredevil_Vol_1_332
Daredevil #333,"""Help Unwanted""","August 2, 1994",https://marvel.fandom.com/wiki/Daredevil_Vol_1_333
Daredevil #334,"""Bearing False Witness""","September 6, 1994",https://marvel.fandom.com/wiki/Daredevil_Vol_1_334
Daredevil #335,"""Not In My Backyard""","October 4, 1994",https://marvel.fandom.com/wiki/Daredevil_Vol_1_335
Daredevil #336,"""Resurrection of Duty""","November 1, 1994",https://marvel.fandom.com/wiki/Daredevil_Vol_1_336
Daredevil #337,"""Heart of the Fire""","December 6, 1994",https://marvel.fandom.com/wiki/Daredevil_Vol_1_337
Daredevil #338,"""Treachery""","January 3, 1995",https://marvel.fandom.com/wiki/Daredevil_Vol_1_338
Daredevil #339,"""Betrayal""","February 7, 1995",https://marvel.fandom.com/wiki/Daredevil_Vol_1_339
Daredevil #340,"""Subversion""","March 7, 1995",https://marvel.fandom.com/wiki/Daredevil_Vol_1_340
Daredevil #341,"""Duplicity""","April 4, 1995",https://marvel.fandom.com/wiki/Daredevil_Vol_1_341
Daredevil #342,"""Malignancy""","May 2, 1995",https://marvel.fandom.com/wiki/Daredevil_Vol_1_342
Daredevil #343,"""Recross""","June 13, 1995",https://marvel.fandom.com/wiki/Daredevil_Vol_1_343
Daredevil #344,"""Old Soldiers""","July 20, 1995",https://marvel.fandom.com/wiki/Daredevil_Vol_1_344
Daredevil #345,"""Inferno Part One""","August 10, 1995",https://marvel.fandom.com/wiki/Daredevil_Vol_1_345
Daredevil #346,"""Inferno Part Two""","September 12, 1995",https://marvel.fandom.com/wiki/Daredevil_Vol_1_346
Daredevil #347,"""Inferno Part Three""","October 10, 1995",https://marvel.fandom.com/wiki/Daredevil_Vol_1_347
Daredevil #348,"""Purgatorio""","November 14, 1995",https://marvel.fandom.com/wiki/Daredevil_Vol_1_348
Daredevil #349,"""Paradiso Part One""","December 12, 1995",https://marvel.fandom.com/wiki/Daredevil_Vol_1_349
Daredevil #350,"""Paradiso Part Two""","January 9, 1996",https://marvel.fandom.com/wiki/Daredevil_Vol_1_350
Daredevil #351,"""Helping Hands""","February 13, 1996",https://marvel.fandom.com/wiki/Daredevil_Vol_1_351
Daredevil #352,"""Smoky Mirrors""","March 12, 1996",https://marvel.fandom.com/wiki/Daredevil_Vol_1_352
Daredevil #353,"""The Devil's Work!""","April 9, 1996",https://marvel.fandom.com/wiki/Daredevil_Vol_1_353
Daredevil #354,"""Charming Devils""","May 14, 1996",https://marvel.fandom.com/wiki/Daredevil_Vol_1_354
Daredevil #355,"""Trial By Fire!""","June 11, 1996",https://marvel.fandom.com/wiki/Daredevil_Vol_1_355
Daredevil #356,"""Burden of Proof""","July 9, 1996",https://marvel.fandom.com/wiki/Daredevil_Vol_1_356
Daredevil #357,"""Crime And Punishment""","August 13, 1996",https://marvel.fandom.com/wiki/Daredevil_Vol_1_357
Daredevil #358,"""After Math""","September 10, 1996",https://marvel.fandom.com/wiki/Daredevil_Vol_1_358
Daredevil #359,"""The Devil You Know!""","October 8, 1996",https://marvel.fandom.com/wiki/Daredevil_Vol_1_359
Daredevil #360,"""Alone Against The Absorbing Man!""","November 12, 1996",https://marvel.fandom.com/wiki/Daredevil_Vol_1_360
Daredevil #361,"""Unfinished Business""","December 10, 1996",https://marvel.fandom.com/wiki/Daredevil_Vol_1_361
Daredevil #362,"""Never Look Back""","January 2, 1997",https://marvel.fandom.com/wiki/Daredevil_Vol_1_362
Daredevil #363,"""The City That Never Sleeps!""","February 4, 1997",https://marvel.fandom.com/wiki/Daredevil_Vol_1_363
Daredevil #364,"""No Rest For the Wicked!""","March 4, 1997",https://marvel.fandom.com/wiki/Daredevil_Vol_1_364
Daredevil #365,"""A Question of Trust""","April 9, 1997",https://marvel.fandom.com/wiki/Daredevil_Vol_1_365
Daredevil #366,"""Prison Without Walls""","June 12, 1997",https://marvel.fandom.com/wiki/Daredevil_Vol_1_366
Daredevil #367,"""Cruel & Unusual Punishments""","July 2, 1997",https://marvel.fandom.com/wiki/Daredevil_Vol_1_367
Daredevil #368,"""Widow's Kiss, Part One""","August 13, 1997",https://marvel.fandom.com/wiki/Daredevil_Vol_1_368
Daredevil #369,"""Widow's Kiss, Part Two""","September 3, 1997",https://marvel.fandom.com/wiki/Daredevil_Vol_1_369
Daredevil #370,"""Widow's Kiss Conclusion""","October 8, 1997",https://marvel.fandom.com/wiki/Daredevil_Vol_1_370
Daredevil #371,"""Fallout""","November 5, 1997",https://marvel.fandom.com/wiki/Daredevil_Vol_1_371
Daredevil #372,"""Devil and the Demon""","December 3, 1997",https://marvel.fandom.com/wiki/Daredevil_Vol_1_372
Daredevil #373,"""Weight of the World""","January 7, 1998",https://marvel.fandom.com/wiki/Daredevil_Vol_1_373
Daredevil #374,"""So Little Time To Save the World""","February 4, 1998",https://marvel.fandom.com/wiki/Daredevil_Vol_1_374
Daredevil #375,"""With a Little Help From My Friends""","March 4, 1998",https://marvel.fandom.com/wiki/Daredevil_Vol_1_375
Daredevil #376,"""Flying Blind Part 1""","April 15, 1998",https://marvel.fandom.com/wiki/Daredevil_Vol_1_376
Daredevil #377,"""Flying Blind Part 2""","May 6, 1998",https://marvel.fandom.com/wiki/Daredevil_Vol_1_377
Daredevil #378,"""Flying Blind Part 3""","June 3, 1998",https://marvel.fandom.com/wiki/Daredevil_Vol_1_378
Daredevil #379,"""Flying Blind Part 4""","July 1, 1998",https://marvel.fandom.com/wiki/Daredevil_Vol_1_379
Daredevil #380,"""Just One Good Story""","August 5, 1998",https://marvel.fandom.com/wiki/Daredevil_Vol_1_380
